SocialInheritance1,SocialInheritance2,GroupSize,Foraging,Predation,Threshold,Discriminatory,Prob,Pink,Magenta,Violet,Blue,Green,Yellow,PopBust?,Rate,Stability,Diversifying,Neurtal,Focusing,Equitable,Inequitable,Total,Average,Test
FALSE,FALSE,6,0.93,0.0003,0,30,0,0,0,0,14,0,92,TRUE,0.006870014,0.987554551,0,14,92,0,106,106,4.528301887,5.867924528
FALSE,FALSE,6,0.93,0.0003,0,30,0,0,0,0,0,80,0,FALSE,0.010127555,0.984006456,0,0,80,80,0,80,4,3
FALSE,FALSE,6,0.93,0.0003,0,30,0.0001,0,0,0,0,0,0,FALSE,0.010331089,0.956559923,0,0,0,0,0,0,NA,NA
FALSE,FALSE,6,0.93,0.0003,0,30,0.0001,0,0,0,0,11,0,FALSE,0.007070116,0.982111677,0,0,11,11,0,11,4,3
FALSE,FALSE,6,0.93,0.0003,0,30,0.0002,0,0,0,0,0,0,FALSE,0.002769319,0.89818013,0,0,0,0,0,0,NA,NA
FALSE,FALSE,6,0.93,0.0003,0,30,0.0002,0,0,0,0,0,0,FALSE,0.025023621,0.965484172,0,0,0,0,0,0,NA,NA
FALSE,FALSE,6,0.93,0.0003,0,30,0.0003,0,0,0,50,0,0,FALSE,0.010786969,0.98134159,0,50,0,0,50,50,8,5
FALSE,FALSE,6,0.93,0.0003,0,30,0.0003,0,0,0,0,0,0,FALSE,0.001771984,0.830180811,0,0,0,0,0,0,NA,NA
FALSE,FALSE,6,0.93,0.0003,0,30,0.0004,0,0,0,0,0,0,FALSE,0.009942023,0.964927311,0,0,0,0,0,0,NA,NA
FALSE,FALSE,6,0.93,0.0003,0,30,0.0004,0,44,0,0,0,0,FALSE,0.014463302,0.983053651,44,0,0,0,44,44,12,4
FALSE,FALSE,6,0.93,0.0003,0,30,0.0005,0,0,0,0,0,0,FALSE,0.012475483,0.970031237,0,0,0,0,0,0,NA,NA
FALSE,FALSE,6,0.93,0.0003,0,30,0.0005,0,0,0,0,0,0,FALSE,0.00123782,0.942038619,0,0,0,0,0,0,NA,NA
FALSE,FALSE,6,0.93,0.0003,0,30,0.0006,0,0,0,0,0,0,FALSE,0.006728083,0.967720015,0,0,0,0,0,0,NA,NA
FALSE,FALSE,6,0.93,0.0003,0,30,0.0006,0,0,0,0,0,0,FALSE,0.026752133,0.938456782,0,0,0,0,0,0,NA,NA
FALSE,FALSE,6,0.93,0.0003,0,30,0.0007,0,0,0,0,0,0,FALSE,0.003717462,0.942212568,0,0,0,0,0,0,NA,NA
FALSE,FALSE,6,0.93,0.0003,0,30,0.0007,0,0,0,0,0,0,FALSE,0.010890181,0.970075847,0,0,0,0,0,0,NA,NA
FALSE,FALSE,6,0.93,0.0003,0,30,0.0008,0,0,0,0,0,0,FALSE,0.002156993,0.897740567,0,0,0,0,0,0,NA,NA
FALSE,FALSE,6,0.93,0.0003,0,30,0.0008,0,0,0,39,0,0,FALSE,0.014801535,0.982462593,0,39,0,0,39,39,8,5
FALSE,FALSE,6,0.93,0.0003,0,30,0.0009,0,0,0,0,0,0,FALSE,0.003205629,0.942147953,0,0,0,0,0,0,NA,NA
FALSE,FALSE,6,0.93,0.0003,0,30,0.0009,0,0,0,0,0,0,FALSE,0.001063756,0.922247446,0,0,0,0,0,0,NA,NA
FALSE,FALSE,6,0.93,0.0003,0,30,0.001,0,0,0,0,0,0,FALSE,0.004519357,0.976153774,0,0,0,0,0,0,NA,NA
FALSE,FALSE,6,0.93,0.0003,0,30,0.001,0,0,0,0,0,0,FALSE,0.000849,0.91364836,0,0,0,0,0,0,NA,NA
FALSE,FALSE,6,0.93,0.0003,0,30,0.0011,0,0,0,0,0,0,FALSE,0.003605244,0.956764322,0,0,0,0,0,0,NA,NA
FALSE,FALSE,6,0.93,0.0003,0,30,0.0011,0,0,0,0,0,0,FALSE,0.005140963,0.967653294,0,0,0,0,0,0,NA,NA
FALSE,FALSE,6,0.93,0.0003,0,30,0.0012,0,0,0,0,0,0,FALSE,0.004430579,0.925788811,0,0,0,0,0,0,NA,NA
FALSE,FALSE,6,0.93,0.0003,0,30,0.0012,0,0,0,0,0,0,FALSE,0.009557613,0.92930054,0,0,0,0,0,0,NA,NA
FALSE,FALSE,6,0.93,0.0003,0,30,0.0013,0,0,0,0,0,0,FALSE,0.014352894,0.964145097,0,0,0,0,0,0,NA,NA
FALSE,FALSE,6,0.93,0.0003,0,30,0.0013,0,0,0,0,0,0,FALSE,0.031476897,0.917843918,0,0,0,0,0,0,NA,NA
FALSE,FALSE,6,0.93,0.0003,0,30,0.0014,0,0,0,0,0,0,FALSE,0.018211677,0.952814687,0,0,0,0,0,0,NA,NA
FALSE,FALSE,6,0.93,0.0003,0,30,0.0014,0,0,0,0,0,0,FALSE,0.042842656,0.955149361,0,0,0,0,0,0,NA,NA
FALSE,FALSE,6,0.93,0.0003,0,30,0.0015,0,0,0,0,0,0,FALSE,0.02997125,0.937414045,0,0,0,0,0,0,NA,NA
FALSE,FALSE,6,0.93,0.0003,0,30,0.0015,0,0,0,0,0,0,FALSE,0.004499859,0.901769161,0,0,0,0,0,0,NA,NA
FALSE,FALSE,6,0.93,0.0003,0,30,0.0016,0,0,0,0,0,0,FALSE,0.001453948,0.905471403,0,0,0,0,0,0,NA,NA
FALSE,FALSE,6,0.93,0.0003,0,30,0.0016,0,0,0,0,0,0,FALSE,0.018398046,0.976018178,0,0,0,0,0,0,NA,NA
FALSE,FALSE,6,0.93,0.0003,0,30,0.0017,0,0,0,0,0,0,FALSE,0.00219918,0.939096601,0,0,0,0,0,0,NA,NA
FALSE,FALSE,6,0.93,0.0003,0,30,0.0017,0,0,0,0,0,0,FALSE,0.015674127,0.969656244,0,0,0,0,0,0,NA,NA
FALSE,FALSE,6,0.93,0.0003,0,30,0.0018,0,0,0,0,0,0,FALSE,0.012474534,0.947698106,0,0,0,0,0,0,NA,NA
FALSE,FALSE,6,0.93,0.0003,0,30,0.0018,0,0,0,0,0,0,FALSE,0.016494368,0.90783657,0,0,0,0,0,0,NA,NA
FALSE,FALSE,6,0.93,0.0003,0,30,0.0019,0,0,0,0,0,0,FALSE,0.024843569,0.952292934,0,0,0,0,0,0,NA,NA
FALSE,FALSE,6,0.93,0.0003,0,30,0.0019,0,0,0,0,0,0,FALSE,0.045526151,0.928398659,0,0,0,0,0,0,NA,NA
FALSE,FALSE,6,0.93,0.0003,0,30,0.002,0,0,0,0,0,0,FALSE,0.060348612,0.940925321,0,0,0,0,0,0,NA,NA
FALSE,FALSE,6,0.93,0.0003,0,30,0.002,0,0,0,56,0,0,FALSE,0.019456623,0.975671352,0,56,0,0,56,56,8,5
FALSE,FALSE,6,0.93,0.0003,0,30,0.0021,0,0,0,0,0,0,FALSE,0.0102446,0.939618063,0,0,0,0,0,0,NA,NA
FALSE,FALSE,6,0.93,0.0003,0,30,0.0021,0,0,0,0,0,0,FALSE,0.038181058,0.944150818,0,0,0,0,0,0,NA,NA
FALSE,FALSE,6,0.93,0.0003,0,30,0.0022,0,0,0,37,0,0,FALSE,0.022984295,0.978280551,0,37,0,0,37,37,8,5
FALSE,FALSE,6,0.93,0.0003,0,30,0.0022,0,0,0,0,0,0,FALSE,0.002857488,0.901684762,0,0,0,0,0,0,NA,NA
FALSE,FALSE,6,0.93,0.0003,0,30,0.0023,0,0,0,0,0,0,FALSE,0.027776775,0.958882844,0,0,0,0,0,0,NA,NA
FALSE,FALSE,6,0.93,0.0003,0,30,0.0023,0,0,24,0,0,0,FALSE,0.031896332,0.96281434,0,24,0,24,0,24,8,2
FALSE,FALSE,6,0.93,0.0003,0,30,0.0024,0,0,0,0,0,0,FALSE,0.022447021,0.961472916,0,0,0,0,0,0,NA,NA
FALSE,FALSE,6,0.93,0.0003,0,30,0.0024,0,0,0,0,0,0,FALSE,0.020760229,0.946505514,0,0,0,0,0,0,NA,NA
FALSE,FALSE,6,0.93,0.0003,0,30,0.0025,0,0,0,0,0,0,FALSE,0.032742836,0.958352849,0,0,0,0,0,0,NA,NA
FALSE,FALSE,6,0.93,0.0003,0,30,0.0025,0,0,0,0,0,0,FALSE,0.017153168,0.955754559,0,0,0,0,0,0,NA,NA
FALSE,FALSE,6,0.93,0.0003,0,30,0.0026,0,0,0,0,0,0,FALSE,0.034346984,0.936864865,0,0,0,0,0,0,NA,NA
FALSE,FALSE,6,0.93,0.0003,0,30,0.0026,0,0,0,0,0,0,FALSE,0.004701462,0.939960689,0,0,0,0,0,0,NA,NA
FALSE,FALSE,6,0.93,0.0003,0,30,0.0027,0,0,0,0,0,0,FALSE,0.032799517,0.964645179,0,0,0,0,0,0,NA,NA
FALSE,FALSE,6,0.93,0.0003,0,30,0.0027,0,0,0,0,0,0,FALSE,0.004522807,0.94174753,0,0,0,0,0,0,NA,NA
FALSE,FALSE,6,0.93,0.0003,0,30,0.0028,0,0,0,0,0,0,FALSE,0.038397582,0.95163022,0,0,0,0,0,0,NA,NA
FALSE,FALSE,6,0.93,0.0003,0,30,0.0028,0,0,0,0,0,0,FALSE,0.038840576,0.897332312,0,0,0,0,0,0,NA,NA
FALSE,FALSE,6,0.93,0.0003,0,30,0.0029,0,0,0,0,0,0,FALSE,0.027080896,0.960290503,0,0,0,0,0,0,NA,NA
FALSE,FALSE,6,0.93,0.0003,0,30,0.0029,0,0,0,0,0,0,FALSE,0.005739323,0.940779035,0,0,0,0,0,0,NA,NA
FALSE,FALSE,6,0.93,0.0003,0,30,0.003,0,0,0,0,0,0,FALSE,0.026960747,0.91034324,0,0,0,0,0,0,NA,NA
FALSE,FALSE,6,0.93,0.0003,0,30,0.003,0,0,0,0,0,0,FALSE,0.006023209,0.904959007,0,0,0,0,0,0,NA,NA
FALSE,FALSE,6,0.93,0.0003,0,30,0.0031,0,0,0,0,0,0,FALSE,0.029688995,0.951890156,0,0,0,0,0,0,NA,NA
FALSE,FALSE,6,0.93,0.0003,0,30,0.0031,0,0,0,0,0,0,FALSE,0.024449895,0.951628089,0,0,0,0,0,0,NA,NA
FALSE,FALSE,6,0.93,0.0003,0,30,0.0032,0,0,0,0,0,0,FALSE,0.051407533,0.928134985,0,0,0,0,0,0,NA,NA
FALSE,FALSE,6,0.93,0.0003,0,30,0.0032,0,0,0,0,0,0,FALSE,0.013098809,0.926099695,0,0,0,0,0,0,NA,NA
FALSE,FALSE,6,0.93,0.0003,0,30,0.0033,0,0,0,0,0,0,FALSE,0.031045874,0.946891532,0,0,0,0,0,0,NA,NA
FALSE,FALSE,6,0.93,0.0003,0,30,0.0033,0,0,0,0,0,0,FALSE,0.016667801,0.935052076,0,0,0,0,0,0,NA,NA
FALSE,FALSE,6,0.93,0.0003,0,30,0.0034,0,0,0,0,0,0,FALSE,0.005066251,0.913098651,0,0,0,0,0,0,NA,NA
FALSE,FALSE,6,0.93,0.0003,0,30,0.0034,0,0,0,0,0,0,FALSE,0.016417696,0.964709176,0,0,0,0,0,0,NA,NA
FALSE,FALSE,6,0.93,0.0003,0,30,0.0035,0,0,0,0,0,0,FALSE,0.023021955,0.952567321,0,0,0,0,0,0,NA,NA
FALSE,FALSE,6,0.93,0.0003,0,30,0.0035,0,0,0,0,0,0,FALSE,0.026347648,0.922571761,0,0,0,0,0,0,NA,NA
FALSE,FALSE,6,0.93,0.0003,0,30,0.0036,0,0,0,0,0,0,FALSE,0.006738076,0.948820854,0,0,0,0,0,0,NA,NA
FALSE,FALSE,6,0.93,0.0003,0,30,0.0036,0,0,0,0,0,0,FALSE,0.052365968,0.930469394,0,0,0,0,0,0,NA,NA
FALSE,FALSE,6,0.93,0.0003,0,30,0.0037,0,0,0,0,0,0,FALSE,0.032931059,0.963099038,0,0,0,0,0,0,NA,NA
FALSE,FALSE,6,0.93,0.0003,0,30,0.0037,0,0,0,0,0,0,FALSE,0.056216766,0.932263139,0,0,0,0,0,0,NA,NA
FALSE,FALSE,6,0.93,0.0003,0,30,0.0038,5,0,32,0,0,0,FALSE,0.058294228,0.931634615,5,32,0,37,0,37,8.540540541,1.864864865
FALSE,FALSE,6,0.93,0.0003,0,30,0.0038,0,0,0,0,0,0,FALSE,0.038030008,0.947161011,0,0,0,0,0,0,NA,NA
FALSE,FALSE,6,0.93,0.0003,0,30,0.0039,0,0,0,0,0,0,FALSE,0.007284938,0.965287494,0,0,0,0,0,0,NA,NA
FALSE,FALSE,6,0.93,0.0003,0,30,0.0039,0,0,0,0,0,0,FALSE,0.026600082,0.930769667,0,0,0,0,0,0,NA,NA
FALSE,FALSE,6,0.93,0.0003,0,30,0.004,0,0,0,0,0,0,FALSE,0.008510798,0.907759015,0,0,0,0,0,0,NA,NA
FALSE,FALSE,6,0.93,0.0003,0,30,0.004,0,0,38,0,0,0,FALSE,0.060692443,0.934711579,0,38,0,38,0,38,8,2
FALSE,FALSE,6,0.93,0.0003,0,30,0.0041,0,0,0,0,0,0,FALSE,0.055741249,0.921781546,0,0,0,0,0,0,NA,NA
FALSE,FALSE,6,0.93,0.0003,0,30,0.0041,0,0,27,0,0,0,FALSE,0.044493088,0.952530422,0,27,0,27,0,27,8,2
FALSE,FALSE,6,0.93,0.0003,0,30,0.0042,0,0,0,0,0,0,FALSE,0.020163299,0.942308872,0,0,0,0,0,0,NA,NA
FALSE,FALSE,6,0.93,0.0003,0,30,0.0042,0,0,0,0,0,0,FALSE,0.004950972,0.952542817,0,0,0,0,0,0,NA,NA
FALSE,FALSE,6,0.93,0.0003,0,30,0.0043,0,0,59,0,0,0,FALSE,0.046393066,0.945035911,0,59,0,59,0,59,8,2
FALSE,FALSE,6,0.93,0.0003,0,30,0.0043,9,0,44,0,0,0,FALSE,0.046568882,0.944316478,9,44,0,53,0,53,8.679245283,1.830188679
FALSE,FALSE,6,0.93,0.0003,0,30,0.0044,0,0,0,0,0,0,FALSE,0.031651066,0.953378975,0,0,0,0,0,0,NA,NA
FALSE,FALSE,6,0.93,0.0003,0,30,0.0044,0,0,50,0,0,0,FALSE,0.062676408,0.928202534,0,50,0,50,0,50,8,2
FALSE,FALSE,6,0.93,0.0003,0,30,0.0045,0,0,0,0,0,0,FALSE,0.031297029,0.859832472,0,0,0,0,0,0,NA,NA
FALSE,FALSE,6,0.93,0.0003,0,30,0.0045,0,0,0,0,0,0,FALSE,0.021202087,0.947896273,0,0,0,0,0,0,NA,NA
FALSE,FALSE,6,0.93,0.0003,0,30,0.0046,0,0,0,0,0,0,FALSE,0.046828887,0.925945652,0,0,0,0,0,0,NA,NA
FALSE,FALSE,6,0.93,0.0003,0,30,0.0046,0,0,0,0,0,0,FALSE,0.009087981,0.934508367,0,0,0,0,0,0,NA,NA
FALSE,FALSE,6,0.93,0.0003,0,30,0.0047,0,0,0,0,0,0,FALSE,0.005644141,0.915580246,0,0,0,0,0,0,NA,NA
FALSE,FALSE,6,0.93,0.0003,0,30,0.0047,0,0,49,0,0,0,FALSE,0.053553789,0.941814471,0,49,0,49,0,49,8,2
FALSE,FALSE,6,0.93,0.0003,0,30,0.0048,0,0,0,0,0,0,FALSE,0.051874039,0.943699826,0,0,0,0,0,0,NA,NA
FALSE,FALSE,6,0.93,0.0003,0,30,0.0048,0,0,0,0,0,0,FALSE,0.052803753,0.92806913,0,0,0,0,0,0,NA,NA
FALSE,FALSE,6,0.93,0.0003,0,30,0.0049,0,0,0,0,0,0,FALSE,0.013784661,0.949624887,0,0,0,0,0,0,NA,NA
FALSE,FALSE,6,0.93,0.0003,0,30,0.0049,65,0,0,0,0,0,FALSE,0.04744786,0.946216463,65,0,0,65,0,65,12,1
FALSE,FALSE,6,0.93,0.0003,0,30,0.005,0,0,0,0,0,0,FALSE,0.063844289,0.92321733,0,0,0,0,0,0,NA,NA
FALSE,FALSE,6,0.93,0.0003,0,30,0.005,0,0,0,0,0,0,FALSE,0.037208019,0.950527031,0,0,0,0,0,0,NA,NA
FALSE,FALSE,6,0.93,0.0003,0,30,0,0,84,0,0,0,0,TRUE,0.008645934,0.987528417,84,0,0,0,84,84,12,4
FALSE,FALSE,6,0.93,0.0003,0,30,0,0,0,0,0,0,0,FALSE,0.000916,0.981182406,0,0,0,0,0,0,NA,NA
FALSE,FALSE,6,0.93,0.0003,0,30,0,0,84,0,0,0,0,FALSE,0.011066078,0.982257567,84,0,0,0,84,84,12,4
FALSE,FALSE,6,0.93,0.0003,0,30,0,0,0,0,0,0,80,FALSE,0.010511205,0.981715468,0,0,80,0,80,80,4,6
FALSE,FALSE,6,0.93,0.0003,0,30,0,0,81,0,0,0,0,FALSE,0.010561633,0.985286954,81,0,0,0,81,81,12,4
FALSE,FALSE,6,0.93,0.0003,0,30,0,0,0,0,0,0,80,TRUE,0.006907006,0.987163501,0,0,80,0,80,80,4,6
FALSE,FALSE,6,0.93,0.0003,0,30,0,0,86,0,0,0,0,TRUE,0.010705202,0.984504775,86,0,0,0,86,86,12,4
FALSE,FALSE,6,0.93,0.0003,0,30,0,0,0,0,0,0,0,FALSE,0.021461428,0.960262787,0,0,0,0,0,0,NA,NA
FALSE,FALSE,6,0.93,0.0003,0,30,1.00E-04,0,0,0,0,0,0,FALSE,0.009228089,0.981525934,0,0,0,0,0,0,NA,NA
FALSE,FALSE,6,0.93,0.0003,0,30,1.00E-04,0,0,0,0,0,0,FALSE,0.001770009,0.933443058,0,0,0,0,0,0,NA,NA
FALSE,FALSE,6,0.93,0.0003,0,30,1.00E-04,0,0,0,0,0,0,FALSE,4.40E-05,0.915139288,0,0,0,0,0,0,NA,NA
FALSE,FALSE,6,0.93,0.0003,0,30,1.00E-04,0,0,0,60,0,0,FALSE,0.015824061,0.979078474,0,60,0,0,60,60,8,5
FALSE,FALSE,6,0.93,0.0003,0,30,1.00E-04,0,0,0,0,0,0,FALSE,0.001001431,0.840254201,0,0,0,0,0,0,NA,NA
FALSE,FALSE,6,0.93,0.0003,0,30,1.00E-04,0,0,0,0,0,0,FALSE,0.000477,0.921524552,0,0,0,0,0,0,NA,NA
FALSE,FALSE,6,0.93,0.0003,0,30,1.00E-04,0,0,0,0,0,92,TRUE,0.008878201,0.983049713,0,0,92,0,92,92,4,6
FALSE,FALSE,6,0.93,0.0003,0,30,1.00E-04,0,0,0,0,0,0,FALSE,0.007695823,0.976436398,0,0,0,0,0,0,NA,NA
FALSE,FALSE,6,0.93,0.0003,0,30,2.00E-04,0,0,0,0,0,0,FALSE,0.004023937,0.959256703,0,0,0,0,0,0,NA,NA
FALSE,FALSE,6,0.93,0.0003,0,30,2.00E-04,0,0,0,0,19,0,FALSE,0.009442116,0.980803498,0,0,19,19,0,19,4,3
FALSE,FALSE,6,0.93,0.0003,0,30,2.00E-04,0,0,0,0,0,77,FALSE,0.009937389,0.983519104,0,0,77,0,77,77,4,6
FALSE,FALSE,6,0.93,0.0003,0,30,2.00E-04,0,0,0,0,0,0,FALSE,0.00253665,0.944508814,0,0,0,0,0,0,NA,NA
FALSE,FALSE,6,0.93,0.0003,0,30,2.00E-04,0,0,0,0,0,0,FALSE,0.004156266,0.927814794,0,0,0,0,0,0,NA,NA
FALSE,FALSE,6,0.93,0.0003,0,30,2.00E-04,0,0,0,0,0,0,FALSE,0.001376635,0.913329421,0,0,0,0,0,0,NA,NA
FALSE,FALSE,6,0.93,0.0003,0,30,2.00E-04,0,0,0,0,0,66,TRUE,0.008356627,0.985065597,0,0,66,0,66,66,4,6
FALSE,FALSE,6,0.93,0.0003,0,30,3.00E-04,0,0,0,0,0,0,FALSE,0.001862295,0.933765026,0,0,0,0,0,0,NA,NA
FALSE,FALSE,6,0.93,0.0003,0,30,3.00E-04,0,0,0,0,0,0,FALSE,0.008293348,0.95844927,0,0,0,0,0,0,NA,NA
FALSE,FALSE,6,0.93,0.0003,0,30,3.00E-04,0,0,0,0,0,0,FALSE,0.002568264,0.956259936,0,0,0,0,0,0,NA,NA
FALSE,FALSE,6,0.93,0.0003,0,30,3.00E-04,0,0,0,0,0,0,FALSE,0.004560213,0.966821311,0,0,0,0,0,0,NA,NA
FALSE,FALSE,6,0.93,0.0003,0,30,3.00E-04,0,0,0,0,0,0,FALSE,0.003361153,0.896804158,0,0,0,0,0,0,NA,NA
FALSE,FALSE,6,0.93,0.0003,0,30,3.00E-04,0,0,0,0,39,0,FALSE,0.010279366,0.982669986,0,0,39,39,0,39,4,3
FALSE,FALSE,6,0.93,0.0003,0,30,3.00E-04,0,0,0,0,0,0,FALSE,0.002506017,0.873511464,0,0,0,0,0,0,NA,NA
FALSE,FALSE,6,0.93,0.0003,0,30,3.00E-04,0,0,0,0,0,0,FALSE,0.001561214,0.85696512,0,0,0,0,0,0,NA,NA
FALSE,FALSE,6,0.93,0.0003,0,30,4.00E-04,0,0,0,0,0,0,FALSE,0.003243944,0.952996133,0,0,0,0,0,0,NA,NA
FALSE,FALSE,6,0.93,0.0003,0,30,4.00E-04,0,0,0,0,0,0,FALSE,0.006246664,0.984361374,0,0,0,0,0,0,NA,NA
FALSE,FALSE,6,0.93,0.0003,0,30,4.00E-04,0,0,0,0,0,0,FALSE,0.006282305,0.921346104,0,0,0,0,0,0,NA,NA
FALSE,FALSE,6,0.93,0.0003,0,30,4.00E-04,0,0,0,0,0,0,FALSE,0.001392,0.965608836,0,0,0,0,0,0,NA,NA
FALSE,FALSE,6,0.93,0.0003,0,30,4.00E-04,0,70,0,0,0,0,FALSE,0.012739606,0.983454252,70,0,0,0,70,70,12,4
FALSE,FALSE,6,0.93,0.0003,0,30,4.00E-04,0,0,0,0,0,0,FALSE,0.024001774,0.954154537,0,0,0,0,0,0,NA,NA
FALSE,FALSE,6,0.93,0.0003,0,30,4.00E-04,0,0,0,0,0,0,FALSE,0.001299187,0.950132562,0,0,0,0,0,0,NA,NA
FALSE,FALSE,6,0.93,0.0003,0,30,4.00E-04,0,0,0,0,0,49,FALSE,0.007694906,0.984737131,0,0,49,0,49,49,4,6
FALSE,FALSE,6,0.93,0.0003,0,30,5.00E-04,0,0,0,0,0,0,FALSE,0.022326869,0.966609287,0,0,0,0,0,0,NA,NA
FALSE,FALSE,6,0.93,0.0003,0,30,5.00E-04,0,0,0,0,0,64,FALSE,0.010431784,0.983595373,0,0,64,0,64,64,4,6
FALSE,FALSE,6,0.93,0.0003,0,30,5.00E-04,0,0,0,0,0,0,FALSE,0.002029383,0.950086701,0,0,0,0,0,0,NA,NA
FALSE,FALSE,6,0.93,0.0003,0,30,5.00E-04,0,0,0,0,0,0,FALSE,0.014386638,0.956878316,0,0,0,0,0,0,NA,NA
FALSE,FALSE,6,0.93,0.0003,0,30,5.00E-04,0,0,0,0,0,0,FALSE,0.001395572,0.888374468,0,0,0,0,0,0,NA,NA
FALSE,FALSE,6,0.93,0.0003,0,30,5.00E-04,0,0,0,0,0,0,FALSE,0.003338008,0.951659552,0,0,0,0,0,0,NA,NA
FALSE,FALSE,6,0.93,0.0003,0,30,5.00E-04,0,0,0,0,60,0,FALSE,0.013454757,0.978712414,0,0,60,60,0,60,4,3
FALSE,FALSE,6,0.93,0.0003,0,30,6.00E-04,0,54,0,0,0,0,FALSE,0.019772925,0.976846553,54,0,0,0,54,54,12,4
FALSE,FALSE,6,0.93,0.0003,0,30,6.00E-04,0,0,0,0,0,0,FALSE,0.00664478,0.933549523,0,0,0,0,0,0,NA,NA
FALSE,FALSE,6,0.93,0.0003,0,30,6.00E-04,0,0,0,0,0,0,FALSE,0.011639254,0.923679877,0,0,0,0,0,0,NA,NA
FALSE,FALSE,6,0.93,0.0003,0,30,6.00E-04,0,0,0,0,0,0,FALSE,0.002992193,0.859799816,0,0,0,0,0,0,NA,NA
FALSE,FALSE,6,0.93,0.0003,0,30,6.00E-04,0,0,0,0,0,0,FALSE,0.013593327,0.904041051,0,0,0,0,0,0,NA,NA
FALSE,FALSE,6,0.93,0.0003,0,30,6.00E-04,0,0,0,0,0,0,FALSE,0.003963863,0.931540141,0,0,0,0,0,0,NA,NA
FALSE,FALSE,6,0.93,0.0003,0,30,6.00E-04,0,0,0,0,0,0,FALSE,0.003608321,0.870065731,0,0,0,0,0,0,NA,NA
FALSE,FALSE,6,0.93,0.0003,0,30,6.00E-04,0,0,0,0,0,0,FALSE,0.000762,0.862314282,0,0,0,0,0,0,NA,NA
FALSE,FALSE,6,0.93,0.0003,0,30,7.00E-04,0,0,0,0,0,0,FALSE,0.003214256,0.981201042,0,0,0,0,0,0,NA,NA
FALSE,FALSE,6,0.93,0.0003,0,30,7.00E-04,0,0,0,0,0,0,FALSE,0.025795692,0.920183741,0,0,0,0,0,0,NA,NA
FALSE,FALSE,6,0.93,0.0003,0,30,7.00E-04,0,0,0,0,0,0,FALSE,0.003007909,0.924876082,0,0,0,0,0,0,NA,NA
FALSE,FALSE,6,0.93,0.0003,0,30,7.00E-04,0,0,0,0,0,0,FALSE,0.002950695,0.957855964,0,0,0,0,0,0,NA,NA
FALSE,FALSE,6,0.93,0.0003,0,30,7.00E-04,0,0,0,0,0,0,FALSE,0.001174416,0.960650832,0,0,0,0,0,0,NA,NA
FALSE,FALSE,6,0.93,0.0003,0,30,7.00E-04,0,0,0,0,0,0,FALSE,0.000223,0.856121053,0,0,0,0,0,0,NA,NA
FALSE,FALSE,6,0.93,0.0003,0,30,7.00E-04,0,0,0,0,0,0,FALSE,0.027160799,0.945570063,0,0,0,0,0,0,NA,NA
FALSE,FALSE,6,0.93,0.0003,0,30,7.00E-04,0,0,0,0,0,0,FALSE,0.001372485,0.923604194,0,0,0,0,0,0,NA,NA
FALSE,FALSE,6,0.93,0.0003,0,30,8.00E-04,0,0,0,0,0,0,FALSE,0.004401984,0.85756243,0,0,0,0,0,0,NA,NA
FALSE,FALSE,6,0.93,0.0003,0,30,8.00E-04,0,0,0,0,0,0,FALSE,0.021768006,0.971726068,0,0,0,0,0,0,NA,NA
FALSE,FALSE,6,0.93,0.0003,0,30,8.00E-04,0,0,0,0,0,0,FALSE,0.022354274,0.958849211,0,0,0,0,0,0,NA,NA
FALSE,FALSE,6,0.93,0.0003,0,30,8.00E-04,0,45,0,0,0,0,FALSE,0.016546006,0.982523887,45,0,0,0,45,45,12,4
FALSE,FALSE,6,0.93,0.0003,0,30,8.00E-04,0,0,0,0,0,0,FALSE,0.011060375,0.957462387,0,0,0,0,0,0,NA,NA
FALSE,FALSE,6,0.93,0.0003,0,30,8.00E-04,0,0,0,0,0,0,FALSE,0.019487726,0.952467644,0,0,0,0,0,0,NA,NA
FALSE,FALSE,6,0.93,0.0003,0,30,8.00E-04,0,0,0,0,0,0,FALSE,0.007612558,0.939335887,0,0,0,0,0,0,NA,NA
FALSE,FALSE,6,0.93,0.0003,0,30,8.00E-04,0,0,0,0,0,0,FALSE,0.002951268,0.895108551,0,0,0,0,0,0,NA,NA
FALSE,FALSE,6,0.93,0.0003,0,30,9.00E-04,0,0,0,0,0,0,FALSE,0.017390909,0.934970256,0,0,0,0,0,0,NA,NA
FALSE,FALSE,6,0.93,0.0003,0,30,9.00E-04,0,0,0,0,0,0,FALSE,0.011940174,0.961490895,0,0,0,0,0,0,NA,NA
FALSE,FALSE,6,0.93,0.0003,0,30,9.00E-04,0,0,0,0,0,0,FALSE,0.012502471,0.961676705,0,0,0,0,0,0,NA,NA
FALSE,FALSE,6,0.93,0.0003,0,30,9.00E-04,0,0,0,0,0,0,FALSE,0.008459879,0.946469983,0,0,0,0,0,0,NA,NA
FALSE,FALSE,6,0.93,0.0003,0,30,9.00E-04,0,0,0,0,0,0,FALSE,0.00536077,0.969128822,0,0,0,0,0,0,NA,NA
FALSE,FALSE,6,0.93,0.0003,0,30,9.00E-04,0,0,0,0,0,0,FALSE,0.014594584,0.919950925,0,0,0,0,0,0,NA,NA
FALSE,FALSE,6,0.93,0.0003,0,30,9.00E-04,0,0,0,0,0,0,FALSE,0.01052096,0.959157179,0,0,0,0,0,0,NA,NA
FALSE,FALSE,6,0.93,0.0003,0,30,9.00E-04,0,0,0,0,0,0,FALSE,0.003480939,0.844453834,0,0,0,0,0,0,NA,NA
FALSE,FALSE,6,0.93,0.0003,0,30,0.001,0,0,0,0,0,0,FALSE,0.002181999,0.852521901,0,0,0,0,0,0,NA,NA
FALSE,FALSE,6,0.93,0.0003,0,30,0.001,0,0,0,30,0,0,FALSE,0.01320927,0.984372116,0,30,0,0,30,30,8,5
FALSE,FALSE,6,0.93,0.0003,0,30,0.001,0,0,0,0,0,0,FALSE,0.017133121,0.932884232,0,0,0,0,0,0,NA,NA
FALSE,FALSE,6,0.93,0.0003,0,30,0.001,0,0,0,0,0,0,FALSE,0.014264776,0.958991263,0,0,0,0,0,0,NA,NA
FALSE,FALSE,6,0.93,0.0003,0,30,0.001,0,0,0,0,0,0,FALSE,0.003856602,0.942654096,0,0,0,0,0,0,NA,NA
FALSE,FALSE,6,0.93,0.0003,0,30,0.001,0,0,0,0,0,0,FALSE,0.02971443,0.943924153,0,0,0,0,0,0,NA,NA
FALSE,FALSE,6,0.93,0.0003,0,30,0.001,0,0,0,0,0,0,FALSE,0.00190824,0.922252943,0,0,0,0,0,0,NA,NA
FALSE,FALSE,6,0.93,0.0003,0,30,0.001,0,0,0,0,0,0,FALSE,0.002199219,0.937328314,0,0,0,0,0,0,NA,NA
FALSE,FALSE,6,0.93,0.0003,0,30,0.0011,0,0,0,0,0,0,FALSE,0.022919357,0.943674604,0,0,0,0,0,0,NA,NA
FALSE,FALSE,6,0.93,0.0003,0,30,0.0011,0,0,0,0,0,0,FALSE,0.006059558,0.93941382,0,0,0,0,0,0,NA,NA
FALSE,FALSE,6,0.93,0.0003,0,30,0.0011,0,0,0,0,0,0,FALSE,0.005341734,0.957120085,0,0,0,0,0,0,NA,NA
FALSE,FALSE,6,0.93,0.0003,0,30,0.0011,0,0,0,0,0,0,FALSE,0.018396288,0.97133841,0,0,0,0,0,0,NA,NA
FALSE,FALSE,6,0.93,0.0003,0,30,0.0011,0,0,0,0,0,0,FALSE,0.010604831,0.888606394,0,0,0,0,0,0,NA,NA
FALSE,FALSE,6,0.93,0.0003,0,30,0.0011,0,0,0,0,0,0,FALSE,0.00942699,0.941249432,0,0,0,0,0,0,NA,NA
FALSE,FALSE,6,0.93,0.0003,0,30,0.0011,0,0,0,0,0,0,FALSE,0.002659359,0.875512512,0,0,0,0,0,0,NA,NA
FALSE,FALSE,6,0.93,0.0003,0,30,0.0011,0,0,0,0,0,44,FALSE,0.012197512,0.981439812,0,0,44,0,44,44,4,6
FALSE,FALSE,6,0.93,0.0003,0,30,0.0012,0,0,0,0,0,0,FALSE,0.034741513,0.948688102,0,0,0,0,0,0,NA,NA
FALSE,FALSE,6,0.93,0.0003,0,30,0.0012,0,0,0,0,0,0,FALSE,0.02737441,0.963688971,0,0,0,0,0,0,NA,NA
FALSE,FALSE,6,0.93,0.0003,0,30,0.0012,0,0,0,0,0,0,FALSE,0.025013975,0.95048137,0,0,0,0,0,0,NA,NA
FALSE,FALSE,6,0.93,0.0003,0,30,0.0012,0,0,0,0,0,0,FALSE,0.016090127,0.924189577,0,0,0,0,0,0,NA,NA
FALSE,FALSE,6,0.93,0.0003,0,30,0.0012,0,0,0,0,0,0,FALSE,0.011309146,0.917042304,0,0,0,0,0,0,NA,NA
FALSE,FALSE,6,0.93,0.0003,0,30,0.0012,0,0,0,0,0,0,FALSE,0.011864023,0.943986809,0,0,0,0,0,0,NA,NA
FALSE,FALSE,6,0.93,0.0003,0,30,0.0012,0,0,0,0,0,0,FALSE,0.012745756,0.961884104,0,0,0,0,0,0,NA,NA
FALSE,FALSE,6,0.93,0.0003,0,30,0.0012,0,0,0,0,0,0,FALSE,0.003221612,0.917972432,0,0,0,0,0,0,NA,NA
FALSE,FALSE,6,0.93,0.0003,0,30,0.0013,0,0,0,0,0,0,FALSE,0.025106409,0.955367647,0,0,0,0,0,0,NA,NA
FALSE,FALSE,6,0.93,0.0003,0,30,0.0013,0,0,0,0,0,0,FALSE,0.02107442,0.920479474,0,0,0,0,0,0,NA,NA
FALSE,FALSE,6,0.93,0.0003,0,30,0.0013,0,0,0,0,0,0,FALSE,0.002636825,0.885918511,0,0,0,0,0,0,NA,NA
FALSE,FALSE,6,0.93,0.0003,0,30,0.0013,0,0,0,0,0,0,FALSE,0.004654231,0.878931765,0,0,0,0,0,0,NA,NA
FALSE,FALSE,6,0.93,0.0003,0,30,0.0013,0,0,0,40,0,0,FALSE,0.013915915,0.980347214,0,40,0,0,40,40,8,5
FALSE,FALSE,6,0.93,0.0003,0,30,0.0013,0,0,0,0,0,0,FALSE,0.009786134,0.924394363,0,0,0,0,0,0,NA,NA
FALSE,FALSE,6,0.93,0.0003,0,30,0.0013,0,0,0,0,0,0,FALSE,0.003015663,0.958297325,0,0,0,0,0,0,NA,NA
FALSE,FALSE,6,0.93,0.0003,0,30,0.0013,0,50,0,0,0,0,FALSE,0.021537486,0.979288745,50,0,0,0,50,50,12,4
FALSE,FALSE,6,0.93,0.0003,0,30,0.0014,0,0,0,0,0,0,FALSE,0.040585276,0.942074195,0,0,0,0,0,0,NA,NA
FALSE,FALSE,6,0.93,0.0003,0,30,0.0014,0,0,0,0,0,0,FALSE,0.048113999,0.936760156,0,0,0,0,0,0,NA,NA
FALSE,FALSE,6,0.93,0.0003,0,30,0.0014,0,0,0,0,0,0,FALSE,0.016662286,0.961338195,0,0,0,0,0,0,NA,NA
FALSE,FALSE,6,0.93,0.0003,0,30,0.0014,0,0,0,0,0,0,FALSE,0.012915307,0.962465155,0,0,0,0,0,0,NA,NA
FALSE,FALSE,6,0.93,0.0003,0,30,0.0014,0,0,0,0,0,0,FALSE,0.003154884,0.976491672,0,0,0,0,0,0,NA,NA
FALSE,FALSE,6,0.93,0.0003,0,30,0.0014,0,0,0,0,0,0,FALSE,0.026380069,0.948228798,0,0,0,0,0,0,NA,NA
FALSE,FALSE,6,0.93,0.0003,0,30,0.0014,0,0,0,0,0,0,FALSE,0.022568135,0.917049839,0,0,0,0,0,0,NA,NA
FALSE,FALSE,6,0.93,0.0003,0,30,0.0014,0,0,0,0,0,0,FALSE,0.007251617,0.957716116,0,0,0,0,0,0,NA,NA
FALSE,FALSE,6,0.93,0.0003,0,30,0.0015,0,0,0,0,0,0,FALSE,0.024379614,0.960705098,0,0,0,0,0,0,NA,NA
FALSE,FALSE,6,0.93,0.0003,0,30,0.0015,0,0,0,0,0,0,FALSE,0.013989429,0.961215263,0,0,0,0,0,0,NA,NA
FALSE,FALSE,6,0.93,0.0003,0,30,0.0015,0,0,0,0,0,0,FALSE,0.01096554,0.949145034,0,0,0,0,0,0,NA,NA
FALSE,FALSE,6,0.93,0.0003,0,30,0.0015,0,0,0,0,0,0,FALSE,0.012739436,0.967055602,0,0,0,0,0,0,NA,NA
FALSE,FALSE,6,0.93,0.0003,0,30,0.0015,0,0,0,0,0,0,FALSE,0.006684437,0.949289791,0,0,0,0,0,0,NA,NA
FALSE,FALSE,6,0.93,0.0003,0,30,0.0015,0,0,0,0,0,0,FALSE,0.045113048,0.945257079,0,0,0,0,0,0,NA,NA
FALSE,FALSE,6,0.93,0.0003,0,30,0.0015,0,0,0,0,0,0,FALSE,0.001875927,0.876806152,0,0,0,0,0,0,NA,NA
FALSE,FALSE,6,0.93,0.0003,0,30,0.0015,0,0,0,0,0,0,FALSE,0.019745858,0.965121104,0,0,0,0,0,0,NA,NA
FALSE,FALSE,6,0.93,0.0003,0,30,0.0016,0,0,0,0,0,0,FALSE,0.002970526,0.943954766,0,0,0,0,0,0,NA,NA
FALSE,FALSE,6,0.93,0.0003,0,30,0.0016,0,0,0,0,0,0,FALSE,0.01764153,0.968844064,0,0,0,0,0,0,NA,NA
FALSE,FALSE,6,0.93,0.0003,0,30,0.0016,0,0,0,0,0,0,FALSE,0.000697,0.923319204,0,0,0,0,0,0,NA,NA
FALSE,FALSE,6,0.93,0.0003,0,30,0.0016,0,0,0,0,0,0,FALSE,0.015025514,0.958068853,0,0,0,0,0,0,NA,NA
FALSE,FALSE,6,0.93,0.0003,0,30,0.0016,0,0,0,0,0,0,FALSE,0.016035791,0.929998117,0,0,0,0,0,0,NA,NA
FALSE,FALSE,6,0.93,0.0003,0,30,0.0016,0,0,0,0,0,0,FALSE,0.01880013,0.936620955,0,0,0,0,0,0,NA,NA
FALSE,FALSE,6,0.93,0.0003,0,30,0.0016,0,0,0,0,0,0,FALSE,0.00573794,0.961975233,0,0,0,0,0,0,NA,NA
FALSE,FALSE,6,0.93,0.0003,0,30,0.0016,0,0,0,0,0,0,FALSE,0.003009175,0.793923671,0,0,0,0,0,0,NA,NA
FALSE,FALSE,6,0.93,0.0003,0,30,0.0017,0,0,0,0,0,0,FALSE,0.002670622,0.83850885,0,0,0,0,0,0,NA,NA
FALSE,FALSE,6,0.93,0.0003,0,30,0.0017,0,0,0,0,0,0,FALSE,0.04095339,0.941221089,0,0,0,0,0,0,NA,NA
FALSE,FALSE,6,0.93,0.0003,0,30,0.0017,0,0,0,0,0,0,FALSE,0.002943385,0.90016293,0,0,0,0,0,0,NA,NA
FALSE,FALSE,6,0.93,0.0003,0,30,0.0017,0,0,0,0,0,0,FALSE,0.01842262,0.958156715,0,0,0,0,0,0,NA,NA
FALSE,FALSE,6,0.93,0.0003,0,30,0.0017,0,0,0,0,0,0,FALSE,0.006489235,0.973269512,0,0,0,0,0,0,NA,NA
FALSE,FALSE,6,0.93,0.0003,0,30,0.0017,0,0,0,0,0,0,FALSE,0.003916708,0.808655782,0,0,0,0,0,0,NA,NA
FALSE,FALSE,6,0.93,0.0003,0,30,0.0017,0,0,0,0,0,0,FALSE,0.021593159,0.959831203,0,0,0,0,0,0,NA,NA
FALSE,FALSE,6,0.93,0.0003,0,30,0.0017,0,0,0,0,0,0,FALSE,0.037603887,0.935574286,0,0,0,0,0,0,NA,NA
FALSE,FALSE,6,0.93,0.0003,0,30,0.0018,0,0,0,0,0,0,FALSE,0.023043217,0.925646773,0,0,0,0,0,0,NA,NA
FALSE,FALSE,6,0.93,0.0003,0,30,0.0018,0,0,0,0,0,0,FALSE,0.022008699,0.963249481,0,0,0,0,0,0,NA,NA
FALSE,FALSE,6,0.93,0.0003,0,30,0.0018,0,0,0,0,0,0,FALSE,0.037159204,0.922029725,0,0,0,0,0,0,NA,NA
FALSE,FALSE,6,0.93,0.0003,0,30,0.0018,0,0,0,0,0,0,FALSE,0.00812796,0.955735092,0,0,0,0,0,0,NA,NA
FALSE,FALSE,6,0.93,0.0003,0,30,0.0018,0,0,0,0,0,0,FALSE,0.025678005,0.941511648,0,0,0,0,0,0,NA,NA
FALSE,FALSE,6,0.93,0.0003,0,30,0.0018,0,0,0,0,0,0,FALSE,0.006122139,0.948975741,0,0,0,0,0,0,NA,NA
FALSE,FALSE,6,0.93,0.0003,0,30,0.0018,0,0,0,0,0,0,FALSE,0.009761987,0.975747958,0,0,0,0,0,0,NA,NA
FALSE,FALSE,6,0.93,0.0003,0,30,0.0018,0,0,0,0,0,0,FALSE,0.037555002,0.957536702,0,0,0,0,0,0,NA,NA
FALSE,FALSE,6,0.93,0.0003,0,30,0.0019,0,0,0,0,0,0,FALSE,0.0093385,0.954544595,0,0,0,0,0,0,NA,NA
FALSE,FALSE,6,0.93,0.0003,0,30,0.0019,0,0,0,0,0,0,FALSE,0.019991577,0.961615464,0,0,0,0,0,0,NA,NA
FALSE,FALSE,6,0.93,0.0003,0,30,0.0019,0,0,0,0,0,0,FALSE,0.004472092,0.870707648,0,0,0,0,0,0,NA,NA
FALSE,FALSE,6,0.93,0.0003,0,30,0.0019,0,0,0,0,0,0,FALSE,0.034618775,0.928048788,0,0,0,0,0,0,NA,NA
FALSE,FALSE,6,0.93,0.0003,0,30,0.0019,0,0,0,0,0,0,FALSE,0.006023298,0.939028793,0,0,0,0,0,0,NA,NA
FALSE,FALSE,6,0.93,0.0003,0,30,0.0019,0,0,0,0,0,0,FALSE,0.011993799,0.961133501,0,0,0,0,0,0,NA,NA
FALSE,FALSE,6,0.93,0.0003,0,30,0.0019,0,0,0,0,0,0,FALSE,0.016812935,0.952773765,0,0,0,0,0,0,NA,NA
FALSE,FALSE,6,0.93,0.0003,0,30,0.0019,0,0,0,0,0,0,FALSE,0.021242164,0.927813953,0,0,0,0,0,0,NA,NA
FALSE,FALSE,6,0.93,0.0003,0,30,0.002,0,0,0,0,0,0,FALSE,0.003672724,0.9692766,0,0,0,0,0,0,NA,NA
FALSE,FALSE,6,0.93,0.0003,0,30,0.002,0,0,0,0,0,0,FALSE,0.011985671,0.912256095,0,0,0,0,0,0,NA,NA
FALSE,FALSE,6,0.93,0.0003,0,30,0.002,0,0,0,0,0,0,FALSE,0.009574617,0.953917302,0,0,0,0,0,0,NA,NA
FALSE,FALSE,6,0.93,0.0003,0,30,0.002,0,0,0,0,0,0,FALSE,0.010198865,0.962548324,0,0,0,0,0,0,NA,NA
FALSE,FALSE,6,0.93,0.0003,0,30,0.002,0,0,0,0,0,0,FALSE,0.045112302,0.935170852,0,0,0,0,0,0,NA,NA
FALSE,FALSE,6,0.93,0.0003,0,30,0.002,0,0,0,0,0,0,FALSE,0.023083338,0.961216601,0,0,0,0,0,0,NA,NA
FALSE,FALSE,6,0.93,0.0003,0,30,0.002,0,0,0,0,0,0,FALSE,0.014503292,0.939822112,0,0,0,0,0,0,NA,NA
FALSE,FALSE,6,0.93,0.0003,0,30,0.002,0,0,0,0,0,0,FALSE,0.01525286,0.959351047,0,0,0,0,0,0,NA,NA
FALSE,FALSE,6,0.93,0.0003,0,30,0.0021,0,0,0,0,0,0,FALSE,0.013977115,0.956136707,0,0,0,0,0,0,NA,NA
FALSE,FALSE,6,0.93,0.0003,0,30,0.0021,0,0,0,0,0,0,FALSE,0.029044665,0.944517256,0,0,0,0,0,0,NA,NA
FALSE,FALSE,6,0.93,0.0003,0,30,0.0021,0,0,0,0,0,0,FALSE,0.032555129,0.894989211,0,0,0,0,0,0,NA,NA
FALSE,FALSE,6,0.93,0.0003,0,30,0.0021,0,0,0,0,0,0,FALSE,0.007382403,0.895353084,0,0,0,0,0,0,NA,NA
FALSE,FALSE,6,0.93,0.0003,0,30,0.0021,0,0,0,0,0,0,FALSE,0.051198549,0.922949651,0,0,0,0,0,0,NA,NA
FALSE,FALSE,6,0.93,0.0003,0,30,0.0021,0,0,0,0,0,0,FALSE,0.055596922,0.941658406,0,0,0,0,0,0,NA,NA
FALSE,FALSE,6,0.93,0.0003,0,30,0.0021,0,0,0,0,0,0,FALSE,0.011284551,0.974319426,0,0,0,0,0,0,NA,NA
FALSE,FALSE,6,0.93,0.0003,0,30,0.0021,0,0,0,0,0,0,FALSE,0.005514647,0.980082775,0,0,0,0,0,0,NA,NA
FALSE,FALSE,6,0.93,0.0003,0,30,0.0022,0,0,0,0,0,0,FALSE,0.024911834,0.951558543,0,0,0,0,0,0,NA,NA
FALSE,FALSE,6,0.93,0.0003,0,30,0.0022,0,0,0,0,0,26,FALSE,0.01918693,0.976132791,0,0,26,0,26,26,4,6
FALSE,FALSE,6,0.93,0.0003,0,30,0.0022,0,0,0,0,0,0,FALSE,0.029191974,0.943617356,0,0,0,0,0,0,NA,NA
FALSE,FALSE,6,0.93,0.0003,0,30,0.0022,0,0,0,0,0,0,FALSE,0.014540146,0.964858583,0,0,0,0,0,0,NA,NA
FALSE,FALSE,6,0.93,0.0003,0,30,0.0022,0,0,0,0,0,0,FALSE,0.036300924,0.928463752,0,0,0,0,0,0,NA,NA
FALSE,FALSE,6,0.93,0.0003,0,30,0.0022,0,0,0,0,0,0,FALSE,0.021940959,0.888190435,0,0,0,0,0,0,NA,NA
FALSE,FALSE,6,0.93,0.0003,0,30,0.0022,0,0,0,0,0,0,FALSE,0.037158312,0.949927179,0,0,0,0,0,0,NA,NA
FALSE,FALSE,6,0.93,0.0003,0,30,0.0022,0,0,0,0,0,0,FALSE,0.020779476,0.955877205,0,0,0,0,0,0,NA,NA
FALSE,FALSE,6,0.93,0.0003,0,30,0.0023,0,0,0,0,0,0,FALSE,0.031292667,0.942884391,0,0,0,0,0,0,NA,NA
FALSE,FALSE,6,0.93,0.0003,0,30,0.0023,0,0,0,0,0,0,FALSE,0.020575594,0.96738416,0,0,0,0,0,0,NA,NA
FALSE,FALSE,6,0.93,0.0003,0,30,0.0023,0,0,0,0,36,0,FALSE,0.015751719,0.979221445,0,0,36,36,0,36,4,3
FALSE,FALSE,6,0.93,0.0003,0,30,0.0023,0,0,0,0,0,0,FALSE,0.0175738,0.968853829,0,0,0,0,0,0,NA,NA
FALSE,FALSE,6,0.93,0.0003,0,30,0.0023,0,0,0,0,0,0,FALSE,0.008328221,0.967512915,0,0,0,0,0,0,NA,NA
FALSE,FALSE,6,0.93,0.0003,0,30,0.0023,0,0,0,0,0,0,FALSE,0.008667309,0.913523192,0,0,0,0,0,0,NA,NA
FALSE,FALSE,6,0.93,0.0003,0,30,0.0023,0,0,4,0,0,0,FALSE,0.026883409,0.968864105,0,4,0,4,0,4,8,2
FALSE,FALSE,6,0.93,0.0003,0,30,0.0023,0,0,0,0,0,0,FALSE,0.010606388,0.934033849,0,0,0,0,0,0,NA,NA
FALSE,FALSE,6,0.93,0.0003,0,30,0.0024,0,0,0,0,0,0,FALSE,0.003469172,0.904133556,0,0,0,0,0,0,NA,NA
FALSE,FALSE,6,0.93,0.0003,0,30,0.0024,0,0,0,0,0,0,FALSE,0.056122894,0.940396999,0,0,0,0,0,0,NA,NA
FALSE,FALSE,6,0.93,0.0003,0,30,0.0024,0,0,0,0,0,0,FALSE,0.025404291,0.969199077,0,0,0,0,0,0,NA,NA
FALSE,FALSE,6,0.93,0.0003,0,30,0.0024,0,0,0,0,0,0,FALSE,0.005902818,0.971114866,0,0,0,0,0,0,NA,NA
FALSE,FALSE,6,0.93,0.0003,0,30,0.0024,0,0,0,0,0,0,FALSE,0.011539244,0.903711926,0,0,0,0,0,0,NA,NA
FALSE,FALSE,6,0.93,0.0003,0,30,0.0024,0,0,0,0,0,0,FALSE,0.009148261,0.951074567,0,0,0,0,0,0,NA,NA
FALSE,FALSE,6,0.93,0.0003,0,30,0.0024,0,0,0,0,0,0,FALSE,0.010788122,0.948930056,0,0,0,0,0,0,NA,NA
FALSE,FALSE,6,0.93,0.0003,0,30,0.0024,0,0,0,0,0,0,FALSE,0.013548545,0.916818257,0,0,0,0,0,0,NA,NA
FALSE,FALSE,6,0.93,0.0003,0,30,0.0025,0,0,0,0,0,0,FALSE,0.011842558,0.901200859,0,0,0,0,0,0,NA,NA
FALSE,FALSE,6,0.93,0.0003,0,30,0.0025,0,0,0,0,0,0,FALSE,0.00910425,0.930454531,0,0,0,0,0,0,NA,NA
FALSE,FALSE,6,0.93,0.0003,0,30,0.0025,0,0,0,0,0,0,FALSE,0.028256979,0.95913712,0,0,0,0,0,0,NA,NA
FALSE,FALSE,6,0.93,0.0003,0,30,0.0025,0,0,0,0,0,0,FALSE,0.031270406,0.960268357,0,0,0,0,0,0,NA,NA
FALSE,FALSE,6,0.93,0.0003,0,30,0.0025,0,0,0,0,0,0,FALSE,0.010020346,0.885235659,0,0,0,0,0,0,NA,NA
FALSE,FALSE,6,0.93,0.0003,0,30,0.0025,0,0,0,0,0,0,FALSE,0.009844033,0.974611787,0,0,0,0,0,0,NA,NA
FALSE,FALSE,6,0.93,0.0003,0,30,0.0025,0,0,0,0,0,0,FALSE,0.043146399,0.930820161,0,0,0,0,0,0,NA,NA
FALSE,FALSE,6,0.93,0.0003,0,30,0.0025,0,0,0,0,0,0,FALSE,0.008447787,0.946104659,0,0,0,0,0,0,NA,NA
FALSE,FALSE,6,0.93,0.0003,0,30,0.0026,0,0,0,0,0,0,FALSE,0.011532761,0.970007299,0,0,0,0,0,0,NA,NA
FALSE,FALSE,6,0.93,0.0003,0,30,0.0026,0,0,0,0,0,0,FALSE,0.054975388,0.924383761,0,0,0,0,0,0,NA,NA
FALSE,FALSE,6,0.93,0.0003,0,30,0.0026,24,0,0,0,0,0,FALSE,0.061063451,0.943023171,24,0,0,24,0,24,12,1
FALSE,FALSE,6,0.93,0.0003,0,30,0.0026,0,0,0,0,0,0,FALSE,0.029548705,0.944784234,0,0,0,0,0,0,NA,NA
FALSE,FALSE,6,0.93,0.0003,0,30,0.0026,0,0,0,0,0,0,FALSE,0.003503839,0.923838102,0,0,0,0,0,0,NA,NA
FALSE,FALSE,6,0.93,0.0003,0,30,0.0026,0,0,0,0,0,0,FALSE,0.005280321,0.932485673,0,0,0,0,0,0,NA,NA
FALSE,FALSE,6,0.93,0.0003,0,30,0.0026,39,0,0,0,0,0,FALSE,0.042927434,0.948972007,39,0,0,39,0,39,12,1
FALSE,FALSE,6,0.93,0.0003,0,30,0.0026,0,0,0,0,0,0,FALSE,0.014720115,0.916200157,0,0,0,0,0,0,NA,NA
FALSE,FALSE,6,0.93,0.0003,0,30,0.0027,0,0,0,0,0,0,FALSE,0.008268454,0.95480833,0,0,0,0,0,0,NA,NA
FALSE,FALSE,6,0.93,0.0003,0,30,0.0027,0,0,0,0,0,0,FALSE,0.018519635,0.928049889,0,0,0,0,0,0,NA,NA
FALSE,FALSE,6,0.93,0.0003,0,30,0.0027,0,0,0,0,0,0,FALSE,0.028080284,0.951717878,0,0,0,0,0,0,NA,NA
FALSE,FALSE,6,0.93,0.0003,0,30,0.0027,32,0,0,0,0,0,FALSE,0.031915931,0.963924594,32,0,0,32,0,32,12,1
FALSE,FALSE,6,0.93,0.0003,0,30,0.0027,0,0,0,0,0,0,FALSE,0.021182918,0.943672896,0,0,0,0,0,0,NA,NA
FALSE,FALSE,6,0.93,0.0003,0,30,0.0027,0,0,0,0,0,0,FALSE,0.010160796,0.872799314,0,0,0,0,0,0,NA,NA
FALSE,FALSE,6,0.93,0.0003,0,30,0.0027,0,0,0,0,0,0,FALSE,0.026632508,0.930726056,0,0,0,0,0,0,NA,NA
FALSE,FALSE,6,0.93,0.0003,0,30,0.0027,0,0,0,0,0,0,FALSE,0.027347212,0.964822349,0,0,0,0,0,0,NA,NA
FALSE,FALSE,6,0.93,0.0003,0,30,0.0028,0,0,0,0,0,0,FALSE,0.020999177,0.931072538,0,0,0,0,0,0,NA,NA
FALSE,FALSE,6,0.93,0.0003,0,30,0.0028,0,0,0,0,0,0,FALSE,0.002531716,0.863749491,0,0,0,0,0,0,NA,NA
FALSE,FALSE,6,0.93,0.0003,0,30,0.0028,0,0,0,0,0,0,FALSE,0.006065075,0.955906604,0,0,0,0,0,0,NA,NA
FALSE,FALSE,6,0.93,0.0003,0,30,0.0028,0,0,0,0,0,0,FALSE,0.039799115,0.919853798,0,0,0,0,0,0,NA,NA
FALSE,FALSE,6,0.93,0.0003,0,30,0.0028,0,0,0,0,0,0,FALSE,0.021319353,0.965896292,0,0,0,0,0,0,NA,NA
FALSE,FALSE,6,0.93,0.0003,0,30,0.0028,0,0,0,0,0,0,FALSE,0.029996042,0.942916399,0,0,0,0,0,0,NA,NA
FALSE,FALSE,6,0.93,0.0003,0,30,0.0028,0,0,0,0,0,0,FALSE,0.043253583,0.957568773,0,0,0,0,0,0,NA,NA
FALSE,FALSE,6,0.93,0.0003,0,30,0.0028,0,0,0,0,0,0,FALSE,0.003650749,0.874667611,0,0,0,0,0,0,NA,NA
FALSE,FALSE,6,0.93,0.0003,0,30,0.0029,0,0,0,0,0,0,FALSE,0.021508196,0.94390404,0,0,0,0,0,0,NA,NA
FALSE,FALSE,6,0.93,0.0003,0,30,0.0029,0,0,0,0,0,0,FALSE,0.033189724,0.957872599,0,0,0,0,0,0,NA,NA
FALSE,FALSE,6,0.93,0.0003,0,30,0.0029,0,26,0,0,0,0,FALSE,0.020547167,0.976545563,26,0,0,0,26,26,12,4
FALSE,FALSE,6,0.93,0.0003,0,30,0.0029,0,0,0,0,0,0,FALSE,0.027072747,0.942878277,0,0,0,0,0,0,NA,NA
FALSE,FALSE,6,0.93,0.0003,0,30,0.0029,0,0,0,0,0,0,FALSE,0.006052515,0.852898476,0,0,0,0,0,0,NA,NA
FALSE,FALSE,6,0.93,0.0003,0,30,0.0029,0,0,0,0,0,0,FALSE,0.013291846,0.922983582,0,0,0,0,0,0,NA,NA
FALSE,FALSE,6,0.93,0.0003,0,30,0.0029,0,0,0,0,0,0,FALSE,0.047713409,0.929361694,0,0,0,0,0,0,NA,NA
FALSE,FALSE,6,0.93,0.0003,0,30,0.0029,0,0,0,0,0,0,FALSE,0.007066656,0.930311063,0,0,0,0,0,0,NA,NA
FALSE,FALSE,6,0.93,0.0003,0,30,0.003,0,0,0,0,0,0,FALSE,0.005567841,0.942565196,0,0,0,0,0,0,NA,NA
FALSE,FALSE,6,0.93,0.0003,0,30,0.003,0,0,0,0,0,0,FALSE,0.040472564,0.922503483,0,0,0,0,0,0,NA,NA
FALSE,FALSE,6,0.93,0.0003,0,30,0.003,0,0,0,0,0,0,FALSE,0.007997101,0.902492797,0,0,0,0,0,0,NA,NA
FALSE,FALSE,6,0.93,0.0003,0,30,0.003,0,0,0,0,0,0,FALSE,0.005298971,0.900754242,0,0,0,0,0,0,NA,NA
FALSE,FALSE,6,0.93,0.0003,0,30,0.003,0,0,0,0,0,0,FALSE,0.030510121,0.957633933,0,0,0,0,0,0,NA,NA
FALSE,FALSE,6,0.93,0.0003,0,30,0.003,59,0,0,0,0,0,FALSE,0.054195516,0.939670777,59,0,0,59,0,59,12,1
FALSE,FALSE,6,0.93,0.0003,0,30,0.003,0,0,0,0,0,0,FALSE,0.039961194,0.959244647,0,0,0,0,0,0,NA,NA
FALSE,FALSE,6,0.93,0.0003,0,30,0.003,0,0,0,0,0,0,FALSE,0.019562758,0.952570534,0,0,0,0,0,0,NA,NA
FALSE,FALSE,6,0.93,0.0003,0,30,0.0031,0,0,0,0,0,0,FALSE,0.018640773,0.971536098,0,0,0,0,0,0,NA,NA
FALSE,FALSE,6,0.93,0.0003,0,30,0.0031,0,0,0,0,0,0,FALSE,0.042774604,0.939064906,0,0,0,0,0,0,NA,NA
FALSE,FALSE,6,0.93,0.0003,0,30,0.0031,0,0,0,0,0,0,FALSE,0.030804563,0.928344835,0,0,0,0,0,0,NA,NA
FALSE,FALSE,6,0.93,0.0003,0,30,0.0031,0,0,0,0,0,0,FALSE,0.030701223,0.940616563,0,0,0,0,0,0,NA,NA
FALSE,FALSE,6,0.93,0.0003,0,30,0.0031,0,0,22,0,0,0,FALSE,0.05734093,0.934182655,0,22,0,22,0,22,8,2
FALSE,FALSE,6,0.93,0.0003,0,30,0.0031,0,0,0,0,0,0,FALSE,0.047383887,0.937378767,0,0,0,0,0,0,NA,NA
FALSE,FALSE,6,0.93,0.0003,0,30,0.0031,0,0,0,0,0,0,FALSE,0.035734153,0.953395126,0,0,0,0,0,0,NA,NA
FALSE,FALSE,6,0.93,0.0003,0,30,0.0031,34,0,6,0,0,0,FALSE,0.076587899,0.923130679,34,6,0,40,0,40,11.4,1.15
FALSE,FALSE,6,0.93,0.0003,0,30,0.0032,0,0,0,0,0,0,FALSE,0.067334172,0.922671713,0,0,0,0,0,0,NA,NA
FALSE,FALSE,6,0.93,0.0003,0,30,0.0032,0,0,0,0,0,0,FALSE,0.011372017,0.952881231,0,0,0,0,0,0,NA,NA
FALSE,FALSE,6,0.93,0.0003,0,30,0.0032,0,0,74,0,0,0,FALSE,0.044444768,0.953026075,0,74,0,74,0,74,8,2
FALSE,FALSE,6,0.93,0.0003,0,30,0.0032,0,0,0,0,0,0,FALSE,0.024235533,0.943517064,0,0,0,0,0,0,NA,NA
FALSE,FALSE,6,0.93,0.0003,0,30,0.0032,0,0,0,0,0,0,FALSE,0.011683457,0.914460345,0,0,0,0,0,0,NA,NA
FALSE,FALSE,6,0.93,0.0003,0,30,0.0032,0,0,0,0,0,0,FALSE,0.027050356,0.947762118,0,0,0,0,0,0,NA,NA
FALSE,FALSE,6,0.93,0.0003,0,30,0.0032,0,0,0,0,0,0,FALSE,0.012092546,0.944542441,0,0,0,0,0,0,NA,NA
FALSE,FALSE,6,0.93,0.0003,0,30,0.0032,0,0,0,0,0,0,FALSE,0.018255058,0.96457485,0,0,0,0,0,0,NA,NA
FALSE,FALSE,6,0.93,0.0003,0,30,0.0033,0,0,0,0,0,0,FALSE,0.0199652,0.97115674,0,0,0,0,0,0,NA,NA
FALSE,FALSE,6,0.93,0.0003,0,30,0.0033,0,0,0,0,0,0,FALSE,0.007473391,0.860336963,0,0,0,0,0,0,NA,NA
FALSE,FALSE,6,0.93,0.0003,0,30,0.0033,0,0,0,0,0,0,FALSE,0.033800157,0.93901801,0,0,0,0,0,0,NA,NA
FALSE,FALSE,6,0.93,0.0003,0,30,0.0033,0,0,0,0,0,0,FALSE,0.003794767,0.953541325,0,0,0,0,0,0,NA,NA
FALSE,FALSE,6,0.93,0.0003,0,30,0.0033,0,0,0,0,0,0,FALSE,0.021467138,0.962259369,0,0,0,0,0,0,NA,NA
FALSE,FALSE,6,0.93,0.0003,0,30,0.0033,0,0,0,0,0,0,FALSE,0.045757503,0.942557163,0,0,0,0,0,0,NA,NA
FALSE,FALSE,6,0.93,0.0003,0,30,0.0033,0,0,0,0,0,0,FALSE,0.03247689,0.956681818,0,0,0,0,0,0,NA,NA
FALSE,FALSE,6,0.93,0.0003,0,30,0.0033,0,0,0,0,0,0,FALSE,0.011471052,0.970202056,0,0,0,0,0,0,NA,NA
FALSE,FALSE,6,0.93,0.0003,0,30,0.0034,0,0,0,0,0,0,FALSE,0.039186221,0.935630029,0,0,0,0,0,0,NA,NA
FALSE,FALSE,6,0.93,0.0003,0,30,0.0034,0,0,0,0,0,0,FALSE,0.007712123,0.97356974,0,0,0,0,0,0,NA,NA
FALSE,FALSE,6,0.93,0.0003,0,30,0.0034,28,0,0,0,0,0,FALSE,0.044218558,0.955467863,28,0,0,28,0,28,12,1
FALSE,FALSE,6,0.93,0.0003,0,30,0.0034,0,0,0,0,0,0,FALSE,0.022451429,0.892562101,0,0,0,0,0,0,NA,NA
FALSE,FALSE,6,0.93,0.0003,0,30,0.0034,0,0,0,0,0,0,FALSE,0.073713509,0.932683455,0,0,0,0,0,0,NA,NA
FALSE,FALSE,6,0.93,0.0003,0,30,0.0034,0,0,0,0,0,0,FALSE,0.013206187,0.957228861,0,0,0,0,0,0,NA,NA
FALSE,FALSE,6,0.93,0.0003,0,30,0.0034,0,0,0,0,0,0,FALSE,0.012534256,0.943047006,0,0,0,0,0,0,NA,NA
FALSE,FALSE,6,0.93,0.0003,0,30,0.0034,0,0,0,0,0,0,FALSE,0.017877484,0.925549893,0,0,0,0,0,0,NA,NA
FALSE,FALSE,6,0.93,0.0003,0,30,0.0035,0,0,0,0,0,0,FALSE,0.02257852,0.95223827,0,0,0,0,0,0,NA,NA
FALSE,FALSE,6,0.93,0.0003,0,30,0.0035,0,0,0,0,0,0,FALSE,0.001728435,0.936529348,0,0,0,0,0,0,NA,NA
FALSE,FALSE,6,0.93,0.0003,0,30,0.0035,64,0,0,0,0,0,FALSE,0.06279721,0.932446849,64,0,0,64,0,64,12,1
FALSE,FALSE,6,0.93,0.0003,0,30,0.0035,0,0,0,0,0,0,FALSE,0.027720037,0.940461174,0,0,0,0,0,0,NA,NA
FALSE,FALSE,6,0.93,0.0003,0,30,0.0035,0,0,0,0,0,0,FALSE,0.043119193,0.949929391,0,0,0,0,0,0,NA,NA
FALSE,FALSE,6,0.93,0.0003,0,30,0.0035,0,0,58,0,0,0,FALSE,0.046504211,0.945819517,0,58,0,58,0,58,8,2
FALSE,FALSE,6,0.93,0.0003,0,30,0.0035,0,0,0,0,0,0,FALSE,0.037730835,0.949159564,0,0,0,0,0,0,NA,NA
FALSE,FALSE,6,0.93,0.0003,0,30,0.0035,0,0,0,0,0,0,FALSE,0.040293925,0.915225156,0,0,0,0,0,0,NA,NA
FALSE,FALSE,6,0.93,0.0003,0,30,0.0036,0,0,0,0,0,0,FALSE,0.056679617,0.930402747,0,0,0,0,0,0,NA,NA
FALSE,FALSE,6,0.93,0.0003,0,30,0.0036,0,0,0,0,0,0,FALSE,0.022496609,0.951368097,0,0,0,0,0,0,NA,NA
FALSE,FALSE,6,0.93,0.0003,0,30,0.0036,0,0,56,0,0,0,FALSE,0.043239924,0.951386707,0,56,0,56,0,56,8,2
FALSE,FALSE,6,0.93,0.0003,0,30,0.0036,0,0,0,0,0,0,FALSE,0.01020033,0.945711726,0,0,0,0,0,0,NA,NA
FALSE,FALSE,6,0.93,0.0003,0,30,0.0036,0,0,0,0,0,0,FALSE,0.004959027,0.948120188,0,0,0,0,0,0,NA,NA
FALSE,FALSE,6,0.93,0.0003,0,30,0.0036,0,0,0,0,0,0,FALSE,0.035512339,0.923555514,0,0,0,0,0,0,NA,NA
FALSE,FALSE,6,0.93,0.0003,0,30,0.0036,0,0,0,0,0,0,FALSE,0.009865754,0.899993959,0,0,0,0,0,0,NA,NA
FALSE,FALSE,6,0.93,0.0003,0,30,0.0036,0,0,0,0,0,0,FALSE,0.026321422,0.948850027,0,0,0,0,0,0,NA,NA
FALSE,FALSE,6,0.93,0.0003,0,30,0.0037,0,0,0,0,0,0,FALSE,0.041192831,0.955011651,0,0,0,0,0,0,NA,NA
FALSE,FALSE,6,0.93,0.0003,0,30,0.0037,0,0,0,0,0,0,FALSE,0.015310679,0.966803265,0,0,0,0,0,0,NA,NA
FALSE,FALSE,6,0.93,0.0003,0,30,0.0037,0,0,0,0,0,0,FALSE,0.011707655,0.946327794,0,0,0,0,0,0,NA,NA
FALSE,FALSE,6,0.93,0.0003,0,30,0.0037,0,0,0,0,0,0,FALSE,0.023574482,0.882706987,0,0,0,0,0,0,NA,NA
FALSE,FALSE,6,0.93,0.0003,0,30,0.0037,0,0,0,0,0,0,FALSE,0.030431657,0.954043189,0,0,0,0,0,0,NA,NA
FALSE,FALSE,6,0.93,0.0003,0,30,0.0037,0,0,0,0,0,0,FALSE,0.009282611,0.921509491,0,0,0,0,0,0,NA,NA
FALSE,FALSE,6,0.93,0.0003,0,30,0.0037,54,0,0,0,0,0,FALSE,0.051512129,0.945969246,54,0,0,54,0,54,12,1
FALSE,FALSE,6,0.93,0.0003,0,30,0.0037,0,0,0,0,0,0,FALSE,0.046530816,0.951778033,0,0,0,0,0,0,NA,NA
FALSE,FALSE,6,0.93,0.0003,0,30,0.0038,0,0,0,0,0,0,FALSE,0.005794897,0.938258718,0,0,0,0,0,0,NA,NA
FALSE,FALSE,6,0.93,0.0003,0,30,0.0038,0,0,0,0,0,0,FALSE,0.066495518,0.920925503,0,0,0,0,0,0,NA,NA
FALSE,FALSE,6,0.93,0.0003,0,30,0.0038,0,0,0,0,0,0,FALSE,0.053714592,0.936335532,0,0,0,0,0,0,NA,NA
FALSE,FALSE,6,0.93,0.0003,0,30,0.0038,0,0,62,0,0,0,FALSE,0.041371894,0.953164166,0,62,0,62,0,62,8,2
FALSE,FALSE,6,0.93,0.0003,0,30,0.0038,15,0,0,0,0,0,FALSE,0.031212727,0.958705505,15,0,0,15,0,15,12,1
FALSE,FALSE,6,0.93,0.0003,0,30,0.0038,0,0,0,0,0,0,FALSE,0.040252508,0.945306091,0,0,0,0,0,0,NA,NA
FALSE,FALSE,6,0.93,0.0003,0,30,0.0038,0,0,52,0,0,0,FALSE,0.042521933,0.953534387,0,52,0,52,0,52,8,2
FALSE,FALSE,6,0.93,0.0003,0,30,0.0038,0,0,0,0,0,0,FALSE,0.038787805,0.938082344,0,0,0,0,0,0,NA,NA
FALSE,FALSE,6,0.93,0.0003,0,30,0.0039,0,0,0,0,0,0,FALSE,0.047341922,0.952645083,0,0,0,0,0,0,NA,NA
FALSE,FALSE,6,0.93,0.0003,0,30,0.0039,0,0,0,0,0,0,FALSE,0.009987706,0.9584718,0,0,0,0,0,0,NA,NA
FALSE,FALSE,6,0.93,0.0003,0,30,0.0039,0,0,0,0,0,0,FALSE,0.039314031,0.954314513,0,0,0,0,0,0,NA,NA
FALSE,FALSE,6,0.93,0.0003,0,30,0.0039,0,0,0,0,0,0,FALSE,0.006458328,0.940821827,0,0,0,0,0,0,NA,NA
FALSE,FALSE,6,0.93,0.0003,0,30,0.0039,0,0,0,0,0,0,FALSE,0.006622259,0.925106367,0,0,0,0,0,0,NA,NA
FALSE,FALSE,6,0.93,0.0003,0,30,0.0039,0,0,0,0,0,0,FALSE,0.043325434,0.928789041,0,0,0,0,0,0,NA,NA
FALSE,FALSE,6,0.93,0.0003,0,30,0.0039,69,0,0,0,0,0,FALSE,0.036156251,0.96003105,69,0,0,69,0,69,12,1
FALSE,FALSE,6,0.93,0.0003,0,30,0.0039,0,0,0,0,0,0,FALSE,0.048184523,0.935843088,0,0,0,0,0,0,NA,NA
FALSE,FALSE,6,0.93,0.0003,0,30,0.004,0,0,59,0,0,0,FALSE,0.035700637,0.958724281,0,59,0,59,0,59,8,2
FALSE,FALSE,6,0.93,0.0003,0,30,0.004,0,0,0,0,0,0,FALSE,0.030978814,0.907273023,0,0,0,0,0,0,NA,NA
FALSE,FALSE,6,0.93,0.0003,0,30,0.004,0,0,0,0,0,0,FALSE,0.045418944,0.944144092,0,0,0,0,0,0,NA,NA
FALSE,FALSE,6,0.93,0.0003,0,30,0.004,0,0,0,0,0,0,FALSE,0.008160001,0.905073097,0,0,0,0,0,0,NA,NA
FALSE,FALSE,6,0.93,0.0003,0,30,0.004,0,0,59,0,0,0,FALSE,0.070597033,0.919126918,0,59,0,59,0,59,8,2
FALSE,FALSE,6,0.93,0.0003,0,30,0.004,0,0,0,0,0,0,FALSE,0.033435227,0.950866937,0,0,0,0,0,0,NA,NA
FALSE,FALSE,6,0.93,0.0003,0,30,0.004,0,0,0,0,0,0,FALSE,0.083103467,0.916657307,0,0,0,0,0,0,NA,NA
FALSE,FALSE,6,0.93,0.0003,0,30,0.004,0,0,0,0,0,0,FALSE,0.050656648,0.937138686,0,0,0,0,0,0,NA,NA
FALSE,FALSE,6,0.93,0.0003,0,30,0.0041,0,0,40,0,0,0,FALSE,0.051832374,0.944145714,0,40,0,40,0,40,8,2
FALSE,FALSE,6,0.93,0.0003,0,30,0.0041,0,0,0,0,0,0,FALSE,0.03374173,0.95983811,0,0,0,0,0,0,NA,NA
FALSE,FALSE,6,0.93,0.0003,0,30,0.0041,0,0,0,0,0,0,FALSE,0.03058911,0.951761848,0,0,0,0,0,0,NA,NA
FALSE,FALSE,6,0.93,0.0003,0,30,0.0041,0,0,0,0,0,0,FALSE,0.025026937,0.914565294,0,0,0,0,0,0,NA,NA
FALSE,FALSE,6,0.93,0.0003,0,30,0.0041,0,0,0,0,0,0,FALSE,0.047361482,0.940208049,0,0,0,0,0,0,NA,NA
FALSE,FALSE,6,0.93,0.0003,0,30,0.0041,0,0,0,0,0,0,FALSE,0.049200815,0.936229547,0,0,0,0,0,0,NA,NA
FALSE,FALSE,6,0.93,0.0003,0,30,0.0041,0,0,0,0,0,0,FALSE,0.028961668,0.945949971,0,0,0,0,0,0,NA,NA
FALSE,FALSE,6,0.93,0.0003,0,30,0.0041,0,0,0,0,0,0,FALSE,0.049503374,0.898406815,0,0,0,0,0,0,NA,NA
FALSE,FALSE,6,0.93,0.0003,0,30,0.0042,0,0,0,0,0,0,FALSE,0.004458438,0.930369115,0,0,0,0,0,0,NA,NA
FALSE,FALSE,6,0.93,0.0003,0,30,0.0042,0,0,0,0,0,0,FALSE,0.049664154,0.931357882,0,0,0,0,0,0,NA,NA
FALSE,FALSE,6,0.93,0.0003,0,30,0.0042,66,0,0,0,0,0,FALSE,0.049951263,0.949623777,66,0,0,66,0,66,12,1
FALSE,FALSE,6,0.93,0.0003,0,30,0.0042,0,0,0,0,0,0,FALSE,0.027051623,0.935577174,0,0,0,0,0,0,NA,NA
FALSE,FALSE,6,0.93,0.0003,0,30,0.0042,0,0,0,0,0,0,FALSE,0.024553225,0.968497754,0,0,0,0,0,0,NA,NA
FALSE,FALSE,6,0.93,0.0003,0,30,0.0042,0,0,0,0,0,0,FALSE,0.008458824,0.939167621,0,0,0,0,0,0,NA,NA
FALSE,FALSE,6,0.93,0.0003,0,30,0.0042,67,0,0,0,0,0,FALSE,0.041970948,0.948018768,67,0,0,67,0,67,12,1
FALSE,FALSE,6,0.93,0.0003,0,30,0.0042,0,0,0,0,0,0,FALSE,0.054536354,0.933684111,0,0,0,0,0,0,NA,NA
FALSE,FALSE,6,0.93,0.0003,0,30,0.0043,8,0,0,0,0,0,FALSE,0.047811486,0.944395533,8,0,0,8,0,8,12,1
FALSE,FALSE,6,0.93,0.0003,0,30,0.0043,0,0,0,0,0,0,FALSE,0.033050359,0.955420214,0,0,0,0,0,0,NA,NA
FALSE,FALSE,6,0.93,0.0003,0,30,0.0043,2,0,0,0,0,0,FALSE,0.051265398,0.942970388,2,0,0,2,0,2,12,1
FALSE,FALSE,6,0.93,0.0003,0,30,0.0043,0,0,0,0,0,0,FALSE,0.039661389,0.947071491,0,0,0,0,0,0,NA,NA
FALSE,FALSE,6,0.93,0.0003,0,30,0.0043,0,0,0,0,0,0,FALSE,0.035563729,0.954271775,0,0,0,0,0,0,NA,NA
FALSE,FALSE,6,0.93,0.0003,0,30,0.0043,0,0,0,0,0,0,FALSE,0.007962258,0.916512771,0,0,0,0,0,0,NA,NA
FALSE,FALSE,6,0.93,0.0003,0,30,0.0043,0,0,0,0,0,0,FALSE,0.010150403,0.923232921,0,0,0,0,0,0,NA,NA
FALSE,FALSE,6,0.93,0.0003,0,30,0.0043,0,0,0,0,0,0,FALSE,0.045927326,0.94355183,0,0,0,0,0,0,NA,NA
FALSE,FALSE,6,0.93,0.0003,0,30,0.0044,0,0,0,0,0,0,FALSE,0.036148643,0.945616652,0,0,0,0,0,0,NA,NA
FALSE,FALSE,6,0.93,0.0003,0,30,0.0044,40,0,24,0,0,0,FALSE,0.073670715,0.913982891,40,24,0,64,0,64,10.5,1.375
FALSE,FALSE,6,0.93,0.0003,0,30,0.0044,0,0,57,0,0,0,FALSE,0.055562782,0.932707115,0,57,0,57,0,57,8,2
FALSE,FALSE,6,0.93,0.0003,0,30,0.0044,63,0,0,0,0,0,FALSE,0.058880992,0.937803522,63,0,0,63,0,63,12,1
FALSE,FALSE,6,0.93,0.0003,0,30,0.0044,0,0,27,0,0,0,FALSE,0.04579588,0.950494345,0,27,0,27,0,27,8,2
FALSE,FALSE,6,0.93,0.0003,0,30,0.0044,0,0,0,0,0,0,FALSE,0.014599861,0.934139278,0,0,0,0,0,0,NA,NA
FALSE,FALSE,6,0.93,0.0003,0,30,0.0044,0,0,59,0,0,0,FALSE,0.057611876,0.932859605,0,59,0,59,0,59,8,2
FALSE,FALSE,6,0.93,0.0003,0,30,0.0044,39,0,0,0,0,0,FALSE,0.051394662,0.9407229,39,0,0,39,0,39,12,1
FALSE,FALSE,6,0.93,0.0003,0,30,0.0045,39,0,0,0,0,0,FALSE,0.049748502,0.938308681,39,0,0,39,0,39,12,1
FALSE,FALSE,6,0.93,0.0003,0,30,0.0045,0,0,66,0,0,0,FALSE,0.054798807,0.938464551,0,66,0,66,0,66,8,2
FALSE,FALSE,6,0.93,0.0003,0,30,0.0045,0,0,0,0,0,0,FALSE,0.005596837,0.912916901,0,0,0,0,0,0,NA,NA
FALSE,FALSE,6,0.93,0.0003,0,30,0.0045,0,0,0,0,0,0,FALSE,0.055231479,0.931296854,0,0,0,0,0,0,NA,NA
FALSE,FALSE,6,0.93,0.0003,0,30,0.0045,0,0,0,0,0,0,FALSE,0.048809531,0.932564877,0,0,0,0,0,0,NA,NA
FALSE,FALSE,6,0.93,0.0003,0,30,0.0045,0,0,0,0,0,0,FALSE,0.042277772,0.937108125,0,0,0,0,0,0,NA,NA
FALSE,FALSE,6,0.93,0.0003,0,30,0.0045,0,0,0,0,0,0,FALSE,0.042392498,0.931623782,0,0,0,0,0,0,NA,NA
FALSE,FALSE,6,0.93,0.0003,0,30,0.0045,0,0,0,0,0,0,FALSE,0.048772803,0.939889905,0,0,0,0,0,0,NA,NA
FALSE,FALSE,6,0.93,0.0003,0,30,0.0046,0,0,69,0,0,0,FALSE,0.044417747,0.951480651,0,69,0,69,0,69,8,2
FALSE,FALSE,6,0.93,0.0003,0,30,0.0046,0,0,0,0,0,0,FALSE,0.052246862,0.940228002,0,0,0,0,0,0,NA,NA
FALSE,FALSE,6,0.93,0.0003,0,30,0.0046,0,0,52,0,0,0,FALSE,0.049252804,0.939144178,0,52,0,52,0,52,8,2
FALSE,FALSE,6,0.93,0.0003,0,30,0.0046,0,0,0,0,0,0,FALSE,0.040938699,0.946673792,0,0,0,0,0,0,NA,NA
FALSE,FALSE,6,0.93,0.0003,0,30,0.0046,0,0,0,0,0,0,FALSE,0.049525431,0.932864743,0,0,0,0,0,0,NA,NA
FALSE,FALSE,6,0.93,0.0003,0,30,0.0046,0,0,0,0,0,0,FALSE,0.023846287,0.945337835,0,0,0,0,0,0,NA,NA
FALSE,FALSE,6,0.93,0.0003,0,30,0.0046,0,0,56,0,0,0,FALSE,0.056086139,0.935952137,0,56,0,56,0,56,8,2
FALSE,FALSE,6,0.93,0.0003,0,30,0.0046,0,0,0,0,0,0,FALSE,0.063879992,0.925740319,0,0,0,0,0,0,NA,NA
FALSE,FALSE,6,0.93,0.0003,0,30,0.0047,0,0,0,0,0,0,FALSE,0.009386809,0.910079958,0,0,0,0,0,0,NA,NA
FALSE,FALSE,6,0.93,0.0003,0,30,0.0047,0,0,77,0,0,0,FALSE,0.058103741,0.935398835,0,77,0,77,0,77,8,2
FALSE,FALSE,6,0.93,0.0003,0,30,0.0047,0,0,67,0,0,0,FALSE,0.067066709,0.924722801,0,67,0,67,0,67,8,2
FALSE,FALSE,6,0.93,0.0003,0,30,0.0047,0,0,59,0,0,0,FALSE,0.054852377,0.931778052,0,59,0,59,0,59,8,2
FALSE,FALSE,6,0.93,0.0003,0,30,0.0047,0,0,0,0,0,0,FALSE,0.055323725,0.935888904,0,0,0,0,0,0,NA,NA
FALSE,FALSE,6,0.93,0.0003,0,30,0.0047,0,0,71,0,0,0,FALSE,0.04437635,0.949844895,0,71,0,71,0,71,8,2
FALSE,FALSE,6,0.93,0.0003,0,30,0.0047,0,0,0,0,0,0,FALSE,0.044006279,0.933564077,0,0,0,0,0,0,NA,NA
FALSE,FALSE,6,0.93,0.0003,0,30,0.0047,0,0,0,0,0,0,FALSE,0.056766073,0.938490399,0,0,0,0,0,0,NA,NA
FALSE,FALSE,6,0.93,0.0003,0,30,0.0048,0,0,0,0,0,0,FALSE,0.036267213,0.949843623,0,0,0,0,0,0,NA,NA
FALSE,FALSE,6,0.93,0.0003,0,30,0.0048,68,0,0,0,0,0,FALSE,0.044779487,0.948738566,68,0,0,68,0,68,12,1
FALSE,FALSE,6,0.93,0.0003,0,30,0.0048,0,0,0,0,0,0,FALSE,0.057294188,0.900654488,0,0,0,0,0,0,NA,NA
FALSE,FALSE,6,0.93,0.0003,0,30,0.0048,0,0,0,0,0,0,FALSE,0.011691794,0.956513495,0,0,0,0,0,0,NA,NA
FALSE,FALSE,6,0.93,0.0003,0,30,0.0048,60,0,0,0,0,0,FALSE,0.048214003,0.9460259,60,0,0,60,0,60,12,1
FALSE,FALSE,6,0.93,0.0003,0,30,0.0048,0,0,0,0,8,0,FALSE,0.027645472,0.968913682,0,0,8,8,0,8,4,3
FALSE,FALSE,6,0.93,0.0003,0,30,0.0048,0,0,46,0,0,0,FALSE,0.045295465,0.946108907,0,46,0,46,0,46,8,2
FALSE,FALSE,6,0.93,0.0003,0,30,0.0048,0,0,0,0,0,0,FALSE,0.04952098,0.935219638,0,0,0,0,0,0,NA,NA
FALSE,FALSE,6,0.93,0.0003,0,30,0.0049,0,0,0,0,0,0,FALSE,0.04526039,0.948610951,0,0,0,0,0,0,NA,NA
FALSE,FALSE,6,0.93,0.0003,0,30,0.0049,0,0,0,0,0,0,FALSE,0.043755881,0.902786181,0,0,0,0,0,0,NA,NA
FALSE,FALSE,6,0.93,0.0003,0,30,0.0049,0,0,0,0,0,0,FALSE,0.031404683,0.93434181,0,0,0,0,0,0,NA,NA
FALSE,FALSE,6,0.93,0.0003,0,30,0.0049,0,0,0,0,0,0,FALSE,0.018914286,0.972657657,0,0,0,0,0,0,NA,NA
FALSE,FALSE,6,0.93,0.0003,0,30,0.0049,0,0,0,0,0,0,FALSE,0.014033046,0.948903765,0,0,0,0,0,0,NA,NA
FALSE,FALSE,6,0.93,0.0003,0,30,0.0049,57,0,0,0,0,0,FALSE,0.044141074,0.946887296,57,0,0,57,0,57,12,1
FALSE,FALSE,6,0.93,0.0003,0,30,0.0049,0,0,0,0,0,0,FALSE,0.044094167,0.940384084,0,0,0,0,0,0,NA,NA
FALSE,FALSE,6,0.93,0.0003,0,30,0.0049,0,0,41,0,0,0,FALSE,0.063088426,0.924631314,0,41,0,41,0,41,8,2
FALSE,FALSE,6,0.93,0.0003,0,30,0.005,0,0,0,0,0,0,FALSE,0.004568846,0.864870419,0,0,0,0,0,0,NA,NA
FALSE,FALSE,6,0.93,0.0003,0,30,0.005,0,0,57,0,0,0,FALSE,0.052269368,0.938452198,0,57,0,57,0,57,8,2
FALSE,FALSE,6,0.93,0.0003,0,30,0.005,43,0,0,0,0,0,FALSE,0.048588403,0.944671742,43,0,0,43,0,43,12,1
FALSE,FALSE,6,0.93,0.0003,0,30,0.005,0,0,0,0,0,0,FALSE,0.048229807,0.910271279,0,0,0,0,0,0,NA,NA
FALSE,FALSE,6,0.93,0.0003,0,30,0.005,41,0,32,0,0,0,FALSE,0.057060371,0.937132007,41,32,0,73,0,73,10.24657534,1.438356164
FALSE,FALSE,6,0.93,0.0003,0,30,0.005,0,0,0,0,0,0,FALSE,0.061707152,0.931663377,0,0,0,0,0,0,NA,NA
FALSE,FALSE,6,0.93,0.0003,0,30,0.005,13,0,43,0,0,0,FALSE,0.073392396,0.90773917,13,43,0,56,0,56,8.928571429,1.767857143
FALSE,FALSE,6,0.93,0.0003,0,30,0.005,0,0,0,0,0,0,FALSE,0.008931921,0.937310529,0,0,0,0,0,0,NA,NA
